claim,rank_1st,rank_2nd,rank_3rd,explanation
"""1.4 million households in the UK use 100% renewable energy from Shell, that its experts were working on a wind project that could power six million homes and that it is fitting 50,000 electric vehicle chargers nationwide by 2025. ""The UK is READY for cleaner energy"" and the hashtag “#PoweringProgress” flashed onscreen in the closing shots of the ads, accompanied by the Shell logo.",RAG,GraphRAG,Baseline,"The RAG pipeline provides a more detailed context of Shell's initiatives, which is beneficial for understanding the broader picture. However, it falls short in confirming the specific claims made in the advertisement. The GraphRAG pipeline, while it does mention Shell's renewable energy projects and goals, also fails to provide the necessary data to verify the claims. The Baseline pipeline, on the other hand, does not offer any additional context or information, which is crucial for evaluating the claim's accuracy. Therefore, the RAG pipeline is the best of the three, as it provides a more comprehensive understanding of the situation, despite not being able to verify the specific claims. The GraphRAG pipeline is the second best, as it does mention relevant information but lacks the specific data needed for verification. The Baseline pipeline is the worst, as it does not provide any additional context or information that could help in evaluating the claim's accuracy."
"""Connecting the world, protecting its future""",RAG,GraphRAG,Baseline,"The RAG explanation provides a more detailed context about Lufthansa's sustainability efforts, which aligns with the claim's intent. It mentions the UN Global Compact and SDGs, which are relevant to the claim's theme of sustainability. However, it falls short in providing verifiable evidence to support the claim's accuracy. The GraphRAG explanation, on the other hand, is too narrow in scope, focusing only on Lufthansa's ownership of other organizations and their industry. It fails to address the environmental initiatives or sustainability efforts that are crucial to assessing the claim's accuracy. The Baseline explanation is the most comprehensive, as it acknowledges the vagueness of the claim and refrains from making any assumptions about its accuracy. It correctly identifies the claim as a marketing slogan and does not attempt to verify its accuracy. Therefore, the RAG explanation is better than the GraphRAG explanation, but both are inferior to the Baseline explanation, which is the most objective and accurate assessment of the claim."
"""Delta is the world's first carbon-neutral airline.""",RAG,GraphRAG,Baseline,The RAG provides a more detailed and nuanced explanation of Delta
"""Recyclable, strawless lids for customers across the U.S. and Canada is another step in our journey to reduce our environmental footprint""",RAG,GraphRAG,Baseline,The
"100% natural, reusable and biodegradable, the Cork Pot is a carbon-positive piece of packaging, removing over 33 times its weight in carbon dioxide for every single pot. Sourced from southern Portugal, they support re-wilding projects in the region as well as helping your shampoo bars stay dry and last longer. Whether you're heading out on an adventure, travelling to the gym, or just want to do your bit in the bathroom, do something (carbon) positive today and pop a Cork Pot into your basket!",GraphRAG,RAG,Baseline,"The GraphRAG provides a more nuanced understanding of the claim, acknowledging the broader context of Lush's sustainability efforts. It recognizes the potential for carbon sequestration through cork, but also notes the lack of specific evidence to support the claim about the Cork Pot's carbon positivity. The RAG, on the other hand, focuses on the claim's lack of verifiable evidence and labels it as greenwashing. The Baseline, while it does not provide a ranking, offers a more straightforward assessment of the claim's lack of specific, verifiable evidence. The GraphRAG's analysis is more comprehensive and aligns better with the criteria of logicality and objectivity, as it considers the broader context and the plausibility of the claim within that context. Therefore, the GraphRAG is the best of the three, as it provides a more balanced and detailed evaluation of the claim."
A FUTURE-PROOF ALTERNATIVE THAT'S DISTINCT AND POWERFUL,RAG,GraphRAG,Baseline,"The RAG provides a more detailed context about Fairphone's longevity score, which is a relevant KPI. However, it still fails to address the marketing slogan's lack of specific, verifiable information. The GraphRAG, while mentioning Fairphone's partnerships and ownership structure, does not provide any information about the product's features, longevity, or power. The Baseline, although it correctly identifies the claim as a marketing slogan, does not offer any additional context or information that could help understand the decision. Therefore, the RAG is the best of the three, as it provides a more detailed context, even though it does not fully address the marketing slogan's lack of specific, verifiable information."
"A website for Hyundai, included text which stated “All-New NEXO” and “Introducing the next generation of fuel cell vehicles: All-New NEXO. A car so beautifully clean, it purifies the air as it goes”.",RAG,GraphRAG,Baseline,
"All our products are over 95% natural origin, without phthalates, parabens, petrolatum, or sodium lauryl sulfate.",GraphRAG,RAG,Baseline,"The GraphRAG provides a more comprehensive evaluation of the claim, considering the company's overall focus on sustainability and natural ingredients. It also acknowledges the absence of certain ingredients, which aligns with the claim. The RAG, while it does mention the company's sustainability efforts, fails to address the specific claim about the percentage of natural origin and the absence of certain ingredients. The Baseline, on the other hand, does not provide any context or information to support or refute the claim, making it the least informative and useful of the three. Therefore, based on the criteria of informativeness, logicality, objectivity, readability, and accuracy, the GraphRAG is the best evaluation of the claim."
"At Rituals, we are committed that all our packaging will be refillable recyclable, and/or made from recycled materials by 2025. In 2022 alone, our refills saved 802,587 kg in materials, 32,871 GJ-eq in energy, 1,766 tons of CO 2 -eq, and 19.3M litres of water.",RAG,GraphRAG,Baseline,"The GraphRAG pipeline provides the most comprehensive and detailed explanation, with specific data points and a clear demonstration of Rituals' progress towards their sustainability goals. The RAG pipeline also provides a strong explanation, with a focus on the company's efforts and quantifiable results. The Baseline pipeline, while informative, lacks the depth and detail of the other two pipelines."
"A NEW LIFE FOR UNIQLO CLOTHING. “RE.UNIQLO” is a framework that helps maximize the utility of the clothing we make, contributing to a circular society. “REDUCE” used clothing disposal by extending the lifespan of each garment. “REUSE” clothing with new purposes. “RECYCLE” clothing into new products and materials. Clothing has the power to change the future. None of this can happen without your help. Please bring any UNIQLO items you no longer need to a RE.UNIQLO recycling box.",RAG,GraphRAG,Baseline,"The ranking is based on the ILORA Evaluation Framework. GraphRAG has the highest quality, as it provides the most informative and objective explanation. The pipeline includes concrete actions and specific data, demonstrating Uniqlo's commitment to sustainability. RAG has a high quality ranking due to its logical and objective explanation, with a strong causal relationship between the explanation and the result. Baseline has the lowest quality ranking as it lacks specific data and verifiable information, making it difficult to determine the effectiveness of Uniqlo's program."
"Buy less, demand more",GraphRAG,RAG,Baseline,"The explanations provided by the three pipelines vary significantly in their approach to evaluating the claim. The Baseline pipeline fails to provide any new information or context that could help understand the decision. It merely states that the claim is too vague to fact-check, which does not contribute to a deeper understanding of the claim or its implications. The RAG pipeline, while acknowledging the slogan"
"Carbon negative carpet tile changed everything for us. We now know it’s possible to store more carbon than we emit. We want to challenge ourselves and others to become carbon negative, enterprise wide, without offsets. This is an important step on our journey to reverse global warming.",GraphRAG,RAG,Baseline,"The GraphRAG provides a clear and detailed explanation of the company's efforts towards carbon negativity, including specific data and progress towards their goals. It demonstrates a strong causal relationship between the company's actions and their stated aim of becoming carbon negative enterprise-wide. The RAG, on the other hand, presents a partial truth and fails to provide a comprehensive understanding of the company's current state and their methodology for achieving carbon negativity. The Baseline does not offer any new information or context, and it lacks the logical progression and detail found in the other two explanations. Therefore, based on the criteria of informativeness, logicality, objectivity, readability, and accuracy, the GraphRAG is the best explanation, followed by the RAG, and then the Baseline."
"Claimed their bottles were made from 100% recycled ocean plastic. In an image showing a  plastic spray bottle of Windex cleaner in front of a pile of colorful plastic bottles. The pile of plastic bottles is submerged in water, suggesting it is ocean plastic.",RAG,GraphRAG,Baseline,"PIPELINE 2's explanation is the most informative, as it provides new information about the definition of 'ocean-bound plastic' and the collection of plastic waste. PIPELINE 3's explanation is the least informative, as it only provides a vague reference to product entries and KPI observations without any context or explanation. PIPELINE 1's explanation is also informative, but it lacks the specificity of PIPELINE 2's explanation."
Claims their single-use plastic coffee pods are easily recyclable.,RAG,GraphRAG,Baseline,"The RAG explanation provides a direct contradiction to the claim, citing a specific example of Keurig's penalty for similar misleading claims. This directly addresses the claim's inaccuracy and supports the conclusion of greenwashing. The GraphRAG explanation, while not as direct, still relies on the same internal knowledge and the same example of Keurig's penalty, which is a strong point in its favor. The Baseline explanation, although it does not provide a direct contradiction, it does mention the difficulty of recycling these pods and the fact that they often end up in landfills, which is relevant to the claim. However, it lacks the specificity and direct contradiction found in the RAG and GraphRAG explanations. Therefore, the RAG explanation is the best, followed by the GraphRAG explanation, and the Baseline explanation is the worst."
"Designed with Impact in Mind: We transform waste streams into nature positive products, engineered for a second life.",GraphRAG,RAG,Baseline,"The GraphRAG provides a clear and quantifiable example of how ChopValue contributes to environmental sustainability. It includes a specific KPI that demonstrates a positive impact on nature, which aligns with the claim of being "
"EvoluSHEIN is Shein’s first ‘sustainable’ clothing collection. According to the brand, this is “a purpose-driven collection with a positive vision for the future."" On their website, they have stated that these garments are made from recycled materials, sent to customers in 100% recycled packaging",RAG,GraphRAG,Baseline,The RAG and GraphRAG pipelines both identify the potential for greenwashing in the claim. They both acknowledge the claim
"From materials to transport, we’re working to reduce our carbon footprint to near zero. Holding ourselves accountable and striving for climate goals isn’t a 30-year goal—it’s now.",RAG,GraphRAG,Baseline,"The RAG evaluation provides a more nuanced understanding of the claim, acknowledging the efforts made by Allbirds to reduce their carbon footprint. It recognizes the progress towards reduction goals, but also points out the lack of a clear definition of the ultimate goal. This is in contrast to the Baseline, which dismisses the claim as vague and lacking in verifiable information. The GraphRAG evaluation, on the other hand, identifies the claim as greenwashing, citing the contradiction between the claim and the documented goals and current emissions data. This evaluation is more critical and less objective, as it does not consider the possibility of the claim being a genuine attempt to reduce emissions. Therefore, the RAG evaluation is the most balanced and objective, providing a comprehensive analysis of the claim while maintaining a neutral stance. The GraphRAG evaluation, while accurate in identifying greenwashing, is overly critical and does not fully consider the context provided. The Baseline evaluation, although it correctly ident"
"In 2020, 97% of our product packaging, by volume, was what we consider to be 'Zero Waste -reusable or recyclable.",GraphRAG,RAG,Baseline,"The GraphRAG provides a clear and accurate representation of the company's progress towards 'Zero Waste' packaging. It demonstrates a consistent effort and achievement in this area, which is supported by the data from surrounding years. The RAG, on the other hand, fails to provide a logical and objective analysis of the claim. It incorrectly labels the claim as 'greenwashing' without considering the context of the company's goals and the limitations of recycling infrastructure. The Baseline, while it does not label the claim, it also fails to provide a comprehensive analysis of the claim, lacking crucial details to verify the claim's accuracy. Therefore, based on the criteria of informativeness, logicality, objectivity, readability, and accuracy, the GraphRAG is the best evaluation of the claim."
Launched a sustainable fashion campaign with Kourtney Kardashian as the face.,RAG,GraphRAG,Baseline,The RAG offers a more comprehensive understanding of the campaign
Loop And Swoop: Our laces are made from 100% post-consumer recycled polyester. One old plastic bottle becomes one pair of shoelaces.,GraphRAG,RAG,Baseline,"The ranking is based on the ILORA criteria. GraphRAG has the highest ranking due to its strong informativeness, logicality, objectivity, readability, and accuracy. The explanation provides new information about Allbirds' commitment to sustainable materials and their efforts to reduce reliance on virgin petroleum-based materials. The causal relationship between the claim and the result is clear, and the explanation is objective and free from bias. The sentences are coherent and easy to understand, and the explanation accurately reflects the result. Baseline and RAG have lower rankings due to their less informative and less logical explanations."
"Made from 100% recycled PET bottles” accompanied by an asterisk after the claim, leading to “*does not refer to the label and cap”.",RAG,GraphRAG,Baseline,"The RAG explanation is more informative as it includes the context that the product is made from 94% recycled PET, but not all components. This additional context helps clarify the partial truth presented as a whole, which"
"Marketed a range of products labeled ""Aware"".",RAG,GraphRAG,Baseline,The RAG explanation provides a more detailed context about Amazon
Meat alternative brand Quorn Foods claims in a YouTube video that its Thai Wonder Grains “lunch pot” is a step in the right direction to addressing climate change because it “helps us reduce our carbon footprint.”,RAG,GraphRAG,Baseline,"The RAG provides a more detailed context by mentioning detailed footprint comparison reports for Quorn products. This gives a better understanding of the environmental impact of Quorn products in general. However, it fails to address the specific claim about the "
"Naturepedic's mission includes a strong focus on environmental sustainability. From responsibly sourcing natural and certified organic materials to becoming the first mattress manufacturer ever to earn the EWG VERIFIED® distinction to implementing a packaging system that helps keep 55,000 pounds of single-use plastic out of landfills each year, we are continuously working to improve.",RAG,GraphRAG,Baseline,"The GraphRAG pipeline provides the most comprehensive and detailed explanation of Naturepedic's sustainability efforts, with specific examples of their initiatives and achievements. The RAG pipeline also provides a strong explanation, but it lacks the depth of the GraphRAG pipeline. The PIPELINE 1 explanation is the weakest, as it only provides a brief overview of Naturepedic's sustainability efforts without going into detail about specific initiatives or achievements."
"Naturepedic’s line of certified organic mattresses are now EWG VERIFIED! As the “First in Category” to receive this distinction, we couldn’t be prouder to lead the industry in setting a new standard for providing safer, healthier sleep for people, the planet, and YOU.",RAG,GraphRAG,Baseline,"The RAG provides a more comprehensive evaluation of the claim, considering the company's overall focus on health and sustainability. It also acknowledges the lack of direct verification within the provided context, but still supports the claim's plausibility. The GraphRAG, while it does mention the company's other certifications, does not delve into the company's commitment to organic, sustainable practices, transparency, and minimizing toxic chemicals. The Baseline, although it confirms the claim's factual accuracy, does not provide additional context or consider the broader implications of the claim. Therefore, the RAG is the best of the three, as it offers a more nuanced and thorough evaluation of the claim, aligning with the criteria of informativeness, logicality, objectivity, readability, and accuracy."
"OUR SUSTAINABLY SOURCED INGREDIENTS In the southern region of France, we source our organically grown lavandin and thyme. Our sustainable sourcing program contributes to maintaining local biodiversity, expanding organic farming, and supporting local farmers.",RAG,GraphRAG,Baseline,"The RAG provides a comprehensive and detailed explanation of Garnier's sustainable sourcing program, including specific examples of initiatives and partnerships. It also includes data on the percentage of bio-based or sustainably sourced ingredients, which aligns with the actual label. The GraphRAG, while also providing a detailed explanation, lacks the specific data points that the RAG includes. The Baseline, on the other hand, does not provide enough detail to verify the extent or impact of the sustainability program, making it less informative and less aligned with the actual label. Therefore, based on the criteria of informativeness, logicality, objectivity, readability, and accuracy, the RAG is the best explanation, followed by the GraphRAG and then the Baseline."
Oatly generates 73% less CO2e VS cows milk,RAG,GraphRAG,Baseline,"The RAG and GraphRAG pipelines provide a more nuanced understanding of the claim, acknowledging the variability in Oatly"
Our circular material is better for you and the planet. Every product made from our engineered performance material means fewer trees cut down for wooden furniture.,RAG,GraphRAG,Baseline,"The RAG provides a more comprehensive and detailed explanation of the claim, including specific"
"Our founder, Anita Roddick, initiated our first recycling scheme Bring Back Our Bottles in 1993. Then, in 2019, we launched our Return, Recycle, Repeat scheme in five countries. In 2020, we started a refill revolution with refill stations across 500 stores globally. And now, our Return, Recycle, Repeat scheme is back.",RAG,GraphRAG,Baseline,The RAG is the best explanation because it provides a detailed and comprehensive account of The Body Shop
Promoted Hefty Recycling Bags as capable of handling any recyclable item.,RAG,GraphRAG,Baseline,
"Style meets sustainability in our innovative new ASOS line, which is all about future-proofing fashion. So, not only are these pieces as eco-friendly as possible, they’re also 100% on-point. Think fresh cuts in the season’s key colours, with some throwback ’90s vibes added in for good measure. The kind of fashion that’s good for your wardrobe, and better for the environment.",RAG,GraphRAG,Baseline,The explanations provided by RAG and GraphRAG are more detailed and specific than the one provided by Baseline. Both RAG and GraphRAG acknowledge
"The Fairphone 4’s body is machined from aluminum from ASI certified vendors. To top it off, we’ve designed it with a 100% recycled plastic back cover. Using fairer materials as much as possible.",RAG,GraphRAG,Baseline,"The RAG provides a more detailed and comprehensive justification for the claim, which aligns with the highest quality of the explanations according to the ILORA Evaluation Frame"
The Future of Furniture Is Circular Climate positive wood furniture made locally on a global scale,GraphRAG,RAG,Baseline,"The explanations provided by the RAG and GraphRAG pipelines are more informative and logically structured than the Baseline. Both RAG and GraphRAG pipelines offer a detailed analysis of the claim, providing specific examples and data to support their evaluations. The RAG pipeline, however, presents a more nuanced understanding of the claim, acknowledging the partial truth of the product being "
"The TV ad tells the story of a man and and his aquatic sidekick, Otter, as their boat is hijacked by revellers celebrating and making a mess as they approach a large waterfall. They sing about “messing up the planet” until they find themselves in peril, hanging off the edge of a cliff. They then row back to safety, clear up the rubbish, and start turning apples on a tree into Innocent smoothies, which they all consume as they “fix up the planet”",RAG,Baseline,GraphRAG,"PIPELINE 2's explanation is the most informative, as it provides additional context about Innocent's sustainability initiatives and acknowledges the accusations of greenwashing. PIPELINE 1's explanation is logical, as it highlights the partial truth presented in the ad and the misleading impression created. PIPELINE 3's explanation is the least informative, as it lacks details about the specific TV ad and the company's overall practices."
"The ad is designed to look like a two-page spread in a newspaper.  The left-hand side of the ad says ""We bought this two-page ad to tell you we've been including climate footprint numbers on our products so they can tell you their climate footprint numbers too."" The right-hand side of the ad says ""We're donating this page to the dairy industry so they can tell you their climate footprint numbers too."" There is a large Oatly logo in the bottom right corner of the ad.  Below the ad copy, there is a section that says ""Climate Footprint Oat Milk 0.62 kg CO₂e/kg.""",RAG,GraphRAG,Baseline,The RAG and GraphRAG pipelines offer a more thorough analysis of the ad
"The poster featured an aerial image of waves crashing on a shore with text that stated ""Climate change doesn’t do borders. Neither do rising sea levels. That’s why HSBC is aiming to provide up to $1 trillion in financing and investment globally to help our clients transition to net zero”.",RAG,GraphRAG,Baseline,"The RAG and GraphRAG explanations are more aligned with the provided context and the claim made by HSBC. Both explanations correctly interpret the claim and provide a clear and factual justification for the claim. They also maintain a logical and objective tone throughout, which is crucial for the evaluation criteria. The Baseline explanation, on the other hand, fails to provide a clear justification for the claim and instead focuses on the ASA ruling, which is not directly relevant to the claim itself. This makes the Baseline explanation less informative and less aligned with the actual label. Therefore, based on the evaluation criteria, the RAG and GraphRAG explanations are better than the Baseline explanation."
"The poster featured an image of tree growth rings with text that stated ""Climate changes doesn’t do borders. So in the UK, we’re helping to plant 2 million trees which will lock in 1.25 million tonnes of carbon over their lifetime"".",RAG,GraphRAG,Baseline,"PIPELINE 1 has the highest quality explanation as it provides new information about the lack of specific details in the claim, demonstrating a logical thought process and adhering to the ILORA criteria. PIPELINE 2's explanation is also of high quality, as it logically explains the absence of information to verify the claim. PIPELINE 3's explanation is of lower quality as it does not provide any new information or context to understand the decision."
"Today, we make all our products with some of nature’s most effective ingredients, all sourced with respect for people and the land. Each ingredient is chosen for its proven ability to replenish and strengthen a healthy skin barrier. That means only the good stuff, and absolutely none of the bad, for hydrated and happy skin.",RAG,GraphRAG,Baseline,"The RAG provides a more detailed context than the Baseline, which is why it is ranked higher. The RAG mentions specific sustainable sourcing initiatives and highlights certain "
"Using the power of plant science, we create products that get the job done and are safer for your family. From renewable plant-based ingredients to more sustainable packaging, our products re-define what it means to clean with purpose.",GraphRAG,RAG,Baseline,
"We make dishwashing liquid and automatic dish detergents powered by renewable, plant-based ingredients that fight grease with ease and make dish time less of a chore.",RAG,GraphRAG,Baseline,"The RAG and GraphRAG provide a more comprehensive understanding of the claim by referencing Seventh Generation's efforts to incorporate biobased and plant-based inputs into their products. They also acknowledge the marketing language used in the claim. The Baseline, on the other hand, fails to provide any context or information that would help verify the claim's factual accuracy. It simply states that the claim cannot be verified without further details. Therefore, the RAG and GraphRAG are more informative and align better with the actual label, which is not_greenwashing. They also follow a reasonable thought process and are objective, which are important criteria in the evaluation framework. The Baseline, while accurate in its assessment, does not meet the criteria for informativeness and logicality. So the overall ranking is RAG, GraphRAG, and Baseline."
"We take a holistic approach when selecting our ingredients, packaging, materials and fabrics, taking multiple aspects into account to make actual sustainable choices. Reducing the environmental impact of our business is key to us and is constantly on our minds. To do so, we measure, monitor and initiate improved practices throughout the company, from packaging & ingredients to operations, and supply chain.",GraphRAG,RAG,Baseline,"PIPELINE 3 has the highest quality explanation as it provides specific, verifiable claims about Rituals' sustainability initiatives, such as the '3 Rs' program and partnerships with organizations like Sacred Forests. This demonstrates a clear commitment to reducing environmental impact and making sustainable choices. PIPELINE 2 has a good explanation, but it lacks specific details about the company's actions. PIPELINE 1 has the lowest quality explanation as it does not provide any specific, verifiable claims about Rituals' sustainability initiatives."
We’re Made for More. More carbon reduction. More carbon storage. More innovative solutions. More impact.,GraphRAG,RAG,Baseline,
"Where possible, we replace synthetic petroleum-based materials with natural alternatives. Such as wool, tree fibers and sugar cane. They're soft, breathable and better for the planet - win, win, win.",RAG,GraphRAG,Baseline,The R
"With 23,000 electric delivery vans, 13,500 e-trikes and 6,100 e-bikes, ours is the largest fleet of electric commercial vehicles in the world, and our deliveries are carbon-free in about 50% of our delivery districts. No other logistics company invests as much in e-mobility as we do. We will expand our e-fleet to 38,000 electric delivery vehicles and 14,000 e-trikes by 2025. That means we can also help our public sector customers to meet the requirements of the German Clean Vehicles Procurement Act.",GraphRAG,RAG,Baseline,"The GraphRAG provides a more nuanced understanding of the claim, acknowledging the significant investment in electric vehicles while also recognizing the continued use of fossil fuels. This demonstrates a balanced view that aligns with the actual label of 'not_greenwashing'. The RAG, on the other hand, leans towards a more critical interpretation, suggesting that the claim is misleading due to the use of fossil fuels. This perspective, while valid, does not fully capture the complexity of the situation. The Baseline, although it does not provide a detailed analysis, still presents a factual and verifiable account of the claim, which is essential for a fair evaluation. Therefore, the GraphRAG is the most comprehensive and balanced evaluation, making it the best choice according to the criteria."
"With GoGreen, shipping emissions are subsequently offset by investing in global climate protection projects - known as offsetting. We automatically apply this process to all letter mail and private customer parcels worldwide - at no extra charge. Business customers can also book the service for their parcels and advertising mail.",RAG,GraphRAG,Baseline,"The RAG pipeline provides a more comprehensive evaluation of the claim, considering the complexities of offsetting versus reduction and the potential legal obligations. It also acknowledges the proactive nature of the initiative. The GraphRAG pipeline, on the other hand, focuses on the misleading aspect of the claim, suggesting that the initiative is a legal obligation rather than a voluntary effort. The Baseline pipeline, while it does not provide a detailed evaluation, correctly identifies the lack of specific information about the offsetting projects and their verification. However, it fails to consider the broader context of the initiative, such as the preference for reduction and the potential legal obligations. Therefore, the RAG pipeline offers a more nuanced and complete evaluation of the claim, aligning better with the criteria of informativeness, logicality, objectivity, readability, and accuracy."
"[We have] 100% energy-efficient stores. The daily operation of our stores is adapted to reduce our environmental impact with systems that allow us to adjust water and energy consumption to the real needs of the store. In addition, the new building and renovation standards of our stores, based on our Eco-Efficient Store Manual, establish the use of more efficient technologies that help us regulate our consumption.",RAG,GraphRAG,Baseline,The RAG provides a more nuanced
"an Instagram post by Brewdog, published on 31 July 2023, featured an image of a poster, containing a childlike drawing of Earth covered in flames. Text accompanying the drawing stated “drink it for me” in the style of a child’s handwriting. Text on the other half of the poster stated “BEER FOR YOUR GRANDCHILDREN”, alongside an image of Brewdog Punk IPA Lager, and a badge with the text “Positive Planet CERTIFIED CARBON NEGATIVE COMPANY”. The caption stated “Beer for your Grandchildren. From the World’s First Carbon Negative brewery. Find out how we’re working to ensure we have a planet to enjoy beer on via the link in our bio”.",RAG,GraphRAG,Baseline,"PIPELINE 2 provides the most comprehensive and accurate explanation, as it includes the context of Brewdog's ongoing efforts to reduce emissions and the complexity of accurately calculating emissions. PIPELINE 3 also provides a strong explanation, as it highlights the lack of evidence to support the claim of being carbon negative. PIPELINE 1, while it includes the ASA ruling, does not provide a complete picture of Brewdog's sustainability initiatives and the challenges they face in reducing emissions."
"we’re taking a louder, bolder approach to sustainable aviation” in the body of the text and “… we’re cutting back on single-use plastics and are flying the most efficient planes. Flights with a smaller footprint … Environmental airline of the year",RAG,GraphRAG,Baseline,"The RAG and GraphRAG pipelines provide a more nuanced understanding of the claim, recognizing the complexities and limitations of the initiatives mentioned. They both identify the claim as greenwashing, which aligns with the actual label. The Baseline pipeline, on the other hand, fails to provide any context or details that could substantiate the claim, resulting in a lack of informativeness and logicality. It does not follow a reasonable thought process or provide any new information that would help understand the decision. The RAG and GraphRAG pipelines are more comprehensive and accurate in their analysis, making them the better choices according to the evaluation criteria."
"we’re taking a louder, bolder approach to sustainable aviation” in the body of the text, and “… you’ll earn Etihad Guest Miles every time you make a conscious choice for the planet … Environmental airline of the year",RAG,GraphRAG,Baseline,"The RAG evaluation provides a more nuanced analysis of the claim, acknowledging the lack of specific information and the need for further evidence to support the claims. It also recognizes the potential for collective action and the recognition of being "
worn wear program: One of the most responsible things we can do for the planet is to keep our gear going longer. That’s why we’re making it as easy as possible to repair your gear.,RAG,GraphRAG,Baseline,"The RAG provides a comprehensive evaluation of the claim, demonstrating a clear understanding of the context and aligning the claim with Patagonia"
"“ 100% recycled bottle"" accompanied by an asterisk after the claim, leading to text in smaller print on the back of the bottle, specifying “This bottle is made from 100% recycled plastic, so the colour of the bottle may vary. Caps and label don’t yet contain recycled plastic. 100% recyclable. Please recycle.”",RAG,GraphRAG,Baseline,"The explanations provided by RAG and GraphRAG are more comprehensive and detailed than the Baseline. They both clearly articulate the partial truth of the claim and the specifics of the disclaimer. The explanations are logically structured, with a strong causal relationship between the claim and the result. They are also objective, free from subjective emotion or bias. The readability of the explanations is high, with coherent and easy-to-understand sentences. The accuracy of the explanations is also high, as they align with the actual label and reflect the result accurately. Therefore,"
