claim,rank_1st,rank_2nd,rank_3rd,explanation
"""1.4 million households in the UK use 100% renewable energy from Shell, that its experts were working on a wind project that could power six million homes and that it is fitting 50,000 electric vehicle chargers nationwide by 2025. ""The UK is READY for cleaner energy"" and the hashtag “#PoweringProgress” flashed onscreen in the closing shots of the ads, accompanied by the Shell logo.",RAG,GraphRAG,Baseline,"The RAG pipeline provides a more detailed context about Shell's sustainability initiatives and targets, which is beneficial for understanding the claim. However, it still lacks specific data to verify the claims, making it difficult to determine their accuracy. The GraphRAG pipeline, while confirming Shell's involvement in renewable energy projects, also fails to provide the necessary data to verify the specific claims made in the advertisement. The Baseline pipeline, although it does not provide additional context, it does not contain any subjective emotion or bias, which is a positive aspect. However, it also lacks the specific data needed to evaluate the claims. Therefore, based on the criteria of informativeness, logicality, objectivity, readability, and accuracy, the RAG pipeline is the best of the three, as it provides a more detailed context, even though it still falls short in terms of verifying the specific claims. The GraphRAG pipeline is the second best, as it confirms Shell's involvement in renewable energy projects but also lacks the necessary data. The Baseline pipeline is the worst, as it does not provide any additional context or specific data to evaluate the claims. So the overall ranking is RAG, GraphRAG, Baseline."
"""Connecting the world, protecting its future""",RAG,GraphRAG,Baseline,The RAG explanation provides a more detailed context about Lufthansa
"""Delta is the world's first carbon-neutral airline.""",RAG,GraphRAG,Baseline,The RAG explanation is the most comprehensive and accurate of the three. It effectively captures the nuances of Delta
"""Recyclable, strawless lids for customers across the U.S. and Canada is another step in our journey to reduce our environmental footprint""",RAG,GraphRAG,Baseline,"The RAG provides a more comprehensive evaluation of the claim, detailing the company's initiatives to reduce single-use plastics and improve recycling infrastructure. This aligns with the claim's assertion of a step towards reducing environmental footprint. The GraphRAG, while acknowledging the company's efforts, lacks the depth of information provided by the RAG, particularly regarding the specifics of the recycling process. The Baseline, on the other hand, fails to provide any new information or context, which is crucial for understanding the decision. Therefore, the RAG is the best evaluation as it offers a more thorough and informative analysis of the claim, while the GraphRAG and Baseline are less detailed and informative."
"100% natural, reusable and biodegradable, the Cork Pot is a carbon-positive piece of packaging, removing over 33 times its weight in carbon dioxide for every single pot. Sourced from southern Portugal, they support re-wilding projects in the region as well as helping your shampoo bars stay dry and last longer. Whether you're heading out on an adventure, travelling to the gym, or just want to do your bit in the bathroom, do something (carbon) positive today and pop a Cork Pot into your basket!",RAG,Baseline,GraphRAG,"The RAG provides a more detailed context of Lush's sustainability efforts, which is more informative than the Baseline. It also offers a clearer understanding of the carbon reduction initiatives, which is more logical than the Baseline. However, it still lacks the specific data needed to evaluate the claim about the Cork Pot's carbon removal capabilities. The GraphRAG, while it does mention the carbon removal claim, fails to provide any additional context or information that could help verify the claim. It is also less readable than the RAG, with a more complex sentence structure that could potentially confuse the reader. Therefore, the RAG is the best of the three, as it provides a more comprehensive understanding of Lush's overall sustainability initiatives, despite not being able to verify the specific claim about the Cork Pot."
A FUTURE-PROOF ALTERNATIVE THAT'S DISTINCT AND POWERFUL,RAG,GraphRAG,Baseline,"PIPELINE 2 has the highest quality explanation due to its logicality and objectivity. The explanation provides a clear and reasonable thought process, demonstrating a strong causal relationship between the claim and the result. The explanation is also objective, free from excessive subjective emotion or bias. The readability and accuracy of the explanation are also high, with proper grammatical and structural rules and a clear alignment with the actual label. So the ranking is PIPELINE 2, PIPELINE 3, and PIPELINE 1."
"A website for Hyundai, included text which stated “All-New NEXO” and “Introducing the next generation of fuel cell vehicles: All-New NEXO. A car so beautifully clean, it purifies the air as it goes”.",RAG,Baseline,GraphRAG,"The RAG explanation is the most informative, as it provides a detailed justification for the label of greenwashing. It explains the misleading claim of the NEXO purifying the air by highlighting the distinction between zero tailpipe emissions and active air purification. The explanation is logically structured, with a strong causal relationship between the claim and the result. The language used is objective and free from bias, and the sentences are coherent and easy to understand. The explanation aligns with the actual label and accurately reflects the result. Therefore, the RAG explanation is the"
"All our products are over 95% natural origin, without phthalates, parabens, petrolatum, or sodium lauryl sulfate.",GraphRAG,RAG,Baseline,"The GraphRAG provides a more nuanced analysis of the claim, considering the context of Burt"
"At Rituals, we are committed that all our packaging will be refillable recyclable, and/or made from recycled materials by 2025. In 2022 alone, our refills saved 802,587 kg in materials, 32,871 GJ-eq in energy, 1,766 tons of CO 2 -eq, and 19.3M litres of water.",RAG,GraphRAG,Baseline,"The RAG provides a direct quote from the claim, which supports the commitment to sustainable packaging. It also includes a corroborating snippet from 2023, which further validates the claim. The GraphRAG, while it does not directly quote the claim, uses a knowledge graph to confirm the commitment and provides KPI observations for 2023, which align with the claim's results. The Baseline, although it does not provide a direct quote or a corroborating snippet, does mention the commitment and the results from 2022, which are relevant to the claim. However, it lacks the depth and specificity found in the RAG and GraphRAG. Therefore, the RAG is the best of the three, as it provides a direct quote and a corroborating snippet, which are crucial for validating the claim. The GraphRAG is the second best, as it uses a knowledge graph to confirm the commitment and provides KPI observations for 2023, which are relevant to the claim. The Baseline is the third best, as it mentions the commitment and the results from 2022, but it lacks the depth and specificity found in the RAG and GraphRAG."
"A NEW LIFE FOR UNIQLO CLOTHING. “RE.UNIQLO” is a framework that helps maximize the utility of the clothing we make, contributing to a circular society. “REDUCE” used clothing disposal by extending the lifespan of each garment. “REUSE” clothing with new purposes. “RECYCLE” clothing into new products and materials. Clothing has the power to change the future. None of this can happen without your help. Please bring any UNIQLO items you no longer need to a RE.UNIQLO recycling box.",RAG,GraphRAG,Baseline,The RAG and GraphRAG pipelines provide a more comprehensive understanding of Uniqlo
"Buy less, demand more",GraphRAG,RAG,Baseline,"The GraphRAG provides a more comprehensive analysis of the claim, demonstrating a clear understanding of the company's actions and initiatives that support the slogan. It effectively links the slogan to specific Patagonia initiatives, which shows a strong causal relationship between the explanation and the result. The RAG, while it acknowledges the slogan's advocacy for conscious consumerism, falls short in providing a detailed analysis of the company's actions or industry trends. It lacks the depth and specificity that would allow for a more accurate evaluation of the claim. The Baseline, on the other hand, fails to provide any context or analysis, making it impossible to evaluate the claim's accuracy or misleading nature. Therefore, based on the criteria of informativeness, logicality, objectivity, readability, and accuracy, the GraphRAG is the best analysis, followed by the RAG and then the Baseline."
"Carbon negative carpet tile changed everything for us. We now know it’s possible to store more carbon than we emit. We want to challenge ourselves and others to become carbon negative, enterprise wide, without offsets. This is an important step on our journey to reverse global warming.",GraphRAG,RAG,Baseline,"The GraphRAG provides a more comprehensive and detailed analysis of the claim, including specific data points and evidence that support the claim. It demonstrates a clear understanding of the claim and its context, and it aligns with the actual label of the claim. The RAG, while it does address the claim, lacks the depth and specificity found in the GraphRAG. It does not provide concrete evidence or data points that would substantiate the claim. The Baseline, on the other hand, fails to provide any new information or context that would help understand the decision. It merely states the claim without offering any analysis or evaluation. Therefore, based on the criteria of informativeness, logicality, objectivity, readability, and accuracy, the GraphRAG is the best response, followed by the RAG, and then the Baseline."
"Claimed their bottles were made from 100% recycled ocean plastic. In an image showing a  plastic spray bottle of Windex cleaner in front of a pile of colorful plastic bottles. The pile of plastic bottles is submerged in water, suggesting it is ocean plastic.",GraphRAG,RAG,Baseline,"The GraphRAG explanation is the most accurate and informative of the three. It directly addresses the claim by referencing the specific context provided, which defines "
Claims their single-use plastic coffee pods are easily recyclable.,RAG,GraphRAG,Baseline,The RAG explanation is the best of the three because it provides a more comprehensive and nuanced understanding of the recyclability issue. It acknowledges that some pods can be recycled
"Designed with Impact in Mind: We transform waste streams into nature positive products, engineered for a second life.",RAG,Baseline,GraphRAG,"The RAG provides a more detailed and contextualized explanation of the claim, which aligns with the actual label. It includes specific examples of how ChopValue transforms waste into nature positive products, such as the closed loop system and the work with brands. This level of detail and contextualization is not present in the Baseline, which only states the claim and its lack of specificity. The GraphRAG, while providing a quantitative measure of environmental impact, does not offer the same level of detail or contextualization as the RAG. It focuses more on the environmental impact rather than the transformation process of the products. Therefore, the RAG is the best explanation as it provides a comprehensive understanding of the claim, aligning with the actual label and the criteria of informativeness, logicality, objectivity, readability, and accuracy."
"EvoluSHEIN is Shein’s first ‘sustainable’ clothing collection. According to the brand, this is “a purpose-driven collection with a positive vision for the future."" On their website, they have stated that these garments are made from recycled materials, sent to customers in 100% recycled packaging",RAG,GraphRAG,Baseline,"The RAG explanation provides a more detailed analysis of the claim, including specific data points and a clearer understanding of the evolushein standard. It also addresses the packaging issue more thoroughly. The GraphRAG explanation, while it does mention the target of 50% by 2030, does not delve into the current state of the products or the packaging, which is a key aspect of the"
"From materials to transport, we’re working to reduce our carbon footprint to near zero. Holding ourselves accountable and striving for climate goals isn’t a 30-year goal—it’s now.",RAG,GraphRAG,Baseline,"The RAG evaluation provides a more nuanced understanding of the claim, acknowledging the future-oriented goals of Allbirds and the ambiguity of the term "
"In 2020, 97% of our product packaging, by volume, was what we consider to be 'Zero Waste -reusable or recyclable.",GraphRAG,RAG,Baseline,"The GraphRAG provides a more comprehensive and accurate representation of the company's commitment to 'Zero Waste' packaging. It includes data from subsequent years, which supports the claim's general accuracy and shows a clear progression towards the goal of 100% reusable, recyclable, or biodegradable packaging. The RAG, on the other hand, focuses on a single contradictory statement from 2023, which does not provide a complete picture of the company's efforts and achievements in 2020. The Baseline does not offer any new information or context, making it the least informative and useful of the three. Therefore, based on the criteria of informativeness, logicality, objectivity, readability, and accuracy, the GraphRAG is the best choice."
Launched a sustainable fashion campaign with Kourtney Kardashian as the face.,GraphRAG,RAG,Baseline,"The GraphRAG provides a clear and direct confirmation of the claim, stating that boohoo launched a collaboration with Kourtney Kardashian Barker in 2022, with the stated purpose of driving awareness and inspiring sustainable choices. This directly supports the claim. The RAG, while it does mention the campaign and Kardashian's involvement, fails to provide enough information to determine the campaign's sustainability. It only describes what boohoo did in conjunction with the campaign, not the campaign's inherent sustainability. The Baseline, on the other hand, does not provide any new information or context that would help understand the decision. It merely states that the claim is a statement of fact regarding marketing and public relations activities, without any further analysis or verification. Therefore, based on the criteria of informativeness, logicality, objectivity, readability, and accuracy, the GraphRAG is the best response, as it directly addresses the claim and provides a clear and direct confirmation of the campaign's sustainability."
Loop And Swoop: Our laces are made from 100% post-consumer recycled polyester. One old plastic bottle becomes one pair of shoelaces.,RAG,GraphRAG,Baseline,"The RAG and GraphRAG explanations are more informative and logical than the Baseline. They provide additional context that supports the claim, such as the mention of a reduction in CO2e and the company's commitment to sustainability. This context helps to understand the decision and the reasoning behind it. The explanations are also more objective, as they do not introduce any subjective emotion or bias. Furthermore, the explanations are more readable, with proper grammatical and structural rules, and they accurately reflect the result. The Baseline, on the other hand, does not provide any new information or context, and it lacks logicality and objectivity. It also fails to meet the criteria for readability and accuracy. Therefore, based on the evaluation criteria, the RAG and GraphRAG explanations are better than the Baseline."
"Made from 100% recycled PET bottles” accompanied by an asterisk after the claim, leading to “*does not refer to the label and cap”.",RAG,GraphRAG,Baseline,"The explanations provided by RAG and GraphRAG are more comprehensive and detailed than the one provided by Baseline. Both RAG and GraphRAG correctly identify the claim as greenwashing and provide additional context to support this claim. They also correctly interpret the asterisk as a qualification to the claim, which is crucial for understanding the partial truth presented. Furthermore, RAG and GraphRAG both reference Snippet 7, which adds credibility to their explanations by providing evidence from the product's website. This additional evidence strengthens the logicality of their explanations. The explanations in RAG and GraphRAG are also more readable, with clear and coherent sentences that are easy to understand. The accuracy of the explanations is also higher, as they correctly reflect the result of the claim being misleading without specifying which parts of the bottle are recycled. Therefore, based on the criteria of informativeness, logicality, objectivity, readability, and accuracy, RAG and GraphRAG are better than Baseline."
"Marketed a range of products labeled ""Aware"".",RAG,Baseline,GraphRAG,"PIPELINE 2 provides the most informative context, as it mentions the 'Climate Pledge Friendly' certification and the absence of information about the 'Aware' label. PIPELINE 3 is less informative as it only discusses Amazon's ownership of other companies and does not provide any information about the 'Aware' label. PIPELINE 1 is the least informative as it does not provide any context or information about the 'Aware' label."
Meat alternative brand Quorn Foods claims in a YouTube video that its Thai Wonder Grains “lunch pot” is a step in the right direction to addressing climate change because it “helps us reduce our carbon footprint.”,RAG,GraphRAG,Baseline,"The RAG provides a more detailed context by mentioning Quorn’s carbon footprint comparison reports. However, it still lacks specific information about the "
"Naturepedic's mission includes a strong focus on environmental sustainability. From responsibly sourcing natural and certified organic materials to becoming the first mattress manufacturer ever to earn the EWG VERIFIED® distinction to implementing a packaging system that helps keep 55,000 pounds of single-use plastic out of landfills each year, we are continuously working to improve.",RAG,Baseline,GraphRAG,"The RAG provides a comprehensive and detailed account of Naturepedic's environmental sustainability efforts. It includes specific examples of their actions, such as sourcing organic materials, earning the EWG VERIFIED® distinction, and reducing plastic waste. The RAG also mentions their commitment to transparency and continuous improvement, which adds depth to the explanation. The Baseline, while accurate, lacks the detailed context provided by the RAG. It does not delve into the specifics of Naturepedic's actions or their commitment to transparency and continuous improvement. The GraphRAG, although it includes relevant data points, does not provide the same level of detail or context as the RAG. It focuses more on the quantitative aspects of Naturepedic's efforts rather than the qualitative aspects of their environmental sustainability focus. Therefore, based on the criteria of informativeness, logicality, objectivity, readability, and accuracy, the RAG is the best of the three."
"Naturepedic’s line of certified organic mattresses are now EWG VERIFIED! As the “First in Category” to receive this distinction, we couldn’t be prouder to lead the industry in setting a new standard for providing safer, healthier sleep for people, the planet, and YOU.",GraphRAG,RAG,Baseline,"The GraphRAG provides a more comprehensive evaluation of the claim, considering the various certifications and sustainability initiatives of Naturepedic. It acknowledges the EWG VERIFIED program as a recognized standard and does not contradict any information within the provided context. The RAG, on the other hand, fails to provide a clear understanding of the EWG VERIFIED program, which is crucial for evaluating the claim. It does not offer any insight into the standards, verification process, or what "
"OUR SUSTAINABLY SOURCED INGREDIENTS In the southern region of France, we source our organically grown lavandin and thyme. Our sustainable sourcing program contributes to maintaining local biodiversity, expanding organic farming, and supporting local farmers.",RAG,GraphRAG,Baseline,"The RAG provides a detailed and comprehensive justification for the claim, demonstrating Garnier's commitment to sustainable sourcing through various initiatives and principles. It also includes specific examples of Garnier's practices, such as the sourcing of shea butter and candelilla wax, which align with the claim. The GraphRAG, while not as detailed as the RAG, still offers a strong justification by referencing Garnier's projects and KPIs related to sustainable sourcing. The Baseline, on the other hand, fails to provide any new information or context that would help understand the decision, and it does not follow a reasonable thought process. It merely states the claim's lack of verifiable information without offering any additional insights or evidence. Therefore, based on the criteria of informativeness, logicality, objectivity, readability, and accuracy, the RAG is the best response, followed by the GraphRAG and then the Baseline."
Oatly generates 73% less CO2e VS cows milk,GraphRAG,RAG,Baseline,"The GraphRAG provides a more detailed analysis of the claim, identifying the discrepancy between the claim and the available data. It correctly points out that the 73% figure is not supported by the provided data, which is a clear indication of the claim being potentially misleading. The RAG, while it does acknowledge the specificity of the claim, fails to address the discrepancy between the claim and the available data. It merely states that the claim is more specific than what is supported by the provided context, without providing a clear justification for its conclusion. The Baseline, on the other hand, does not engage with the claim at all, instead opting for a general statement about the need for a detailed LCA to verify the claim. This approach does not provide any new information or additional context that could help understand the decision. Therefore, based on the criteria of informativeness, logicality, objectivity, readability, and accuracy, the GraphRAG is the best response, as it directly addresses the claim and provides a clear and accurate analysis of the available data."
Our circular material is better for you and the planet. Every product made from our engineered performance material means fewer trees cut down for wooden furniture.,RAG,GraphRAG,Baseline,"The RAG and GraphRAG provide a more comprehensive understanding of the claim, as they include additional context about the material's environmental impact and the company's commitment to a circular economy. This context helps to substantiate the claim that the material is better for the planet and reduces tree cutting. The Baseline, on the other hand, fails to provide any context or additional information that would help to understand the decision. It simply states that the claim is not substantiated without offering any further explanation or evidence. Therefore, based on the criteria of informativeness, logicality, objectivity, readability, and accuracy, the RAG and GraphRAG are better than the Baseline."
"Our founder, Anita Roddick, initiated our first recycling scheme Bring Back Our Bottles in 1993. Then, in 2019, we launched our Return, Recycle, Repeat scheme in five countries. In 2020, we started a refill revolution with refill stations across 500 stores globally. And now, our Return, Recycle, Repeat scheme is back.",RAG,Baseline,GraphRAG,"The RAG provides a more comprehensive and detailed account of the company's recycling and refill initiatives, including specific data on the amount of plastic prevented from entering waste streams and the number of refill stations. This level of detail aligns with the highest quality of the explanations, as it provides new information and follows a logical thought process. The Baseline, while accurate, lacks the depth and specificity found in the RAG. The GraphRAG, although it includes some data, does not provide the same level of detail or context as the RAG. Therefore, the RAG is the best of the three, as it meets the criteria of informativeness, logicality, objectivity, readability, and accuracy more effectively than the other two."
Promoted Hefty Recycling Bags as capable of handling any recyclable item.,GraphRAG,RAG,Baseline,"The GraphRAG provides a more nuanced understanding of the Hefty Recycling Bags, acknowledging the specificity of the EnergyBag program and its focus on hard-to-recycle plastics. This directly contradicts the claim that the bags can handle any recyclable item. The RAG, while mentioning the EnergyBag program, fails to address the broader claim about the general capability of the bags. The Baseline, although it correctly identifies the claim as greenwashing, does not provide the necessary context to support this conclusion. Therefore, the GraphRAG is the most informative and logically consistent explanation, as it directly addresses the claim and provides a clear causal relationship between the claim and the result. The RAG and Baseline, while they touch on relevant points, do not fully explore the claim or provide a comprehensive justification. So the overall ranking is GraphRAG, RAG, Baseline."
"Style meets sustainability in our innovative new ASOS line, which is all about future-proofing fashion. So, not only are these pieces as eco-friendly as possible, they’re also 100% on-point. Think fresh cuts in the season’s key colours, with some throwback ’90s vibes added in for good measure. The kind of fashion that’s good for your wardrobe, and better for the environment.",RAG,GraphRAG,Baseline,"The explanations provided by RAG and GraphRAG are more detailed and contextual than the one provided by Baseline. Both RAG and GraphRAG acknowledge ASOS's sustainability efforts, but they also highlight the lack of specific information regarding the new line's environmental impact. This shows a deeper understanding of the claim and its potential implications. Furthermore, RAG and GraphRAG are more readable and structured, with clearer sentences and a more logical flow of ideas. The explanations are objective and free from excessive subjective emotion or bias, which aligns with the criteria of the score rubric. However, the explanations could be improved by providing more specific details about the new line's environmental impact, which would enhance their informativeness and accuracy. So the overall score is 4."
"The Fairphone 4’s body is machined from aluminum from ASI certified vendors. To top it off, we’ve designed it with a 100% recycled plastic back cover. Using fairer materials as much as possible.",RAG,GraphRAG,Baseline,The RAG provides a
The Future of Furniture Is Circular Climate positive wood furniture made locally on a global scale,RAG,GraphRAG,Baseline,"The explanations provided by RAG and GraphRAG are more detailed and informative than the Baseline. They offer additional context and specific data points, such as the CO2 emissions avoided by ChopValue and the GHG emissions per cubic meter. However, both RAG and GraphRAG fail to provide a comprehensive analysis of the entire lifecycle and supply chain of the furniture, which is necessary to verify the claim"
"The TV ad tells the story of a man and and his aquatic sidekick, Otter, as their boat is hijacked by revellers celebrating and making a mess as they approach a large waterfall. They sing about “messing up the planet” until they find themselves in peril, hanging off the edge of a cliff. They then row back to safety, clear up the rubbish, and start turning apples on a tree into Innocent smoothies, which they all consume as they “fix up the planet”",RAG,GraphRAG,Baseline,"The RAG pipeline provides a more comprehensive analysis of the claim, considering the broader context of Innocent's sustainability initiatives and the potential for greenwashing. It identifies the misleading nature of the ad's narrative, which suggests that purchasing the product is a direct solution to environmental problems. The RAG pipeline also acknowledges the risk of being accused of greenwashing, indicating an awareness of the potential issue. In contrast, the Baseline pipeline fails to provide a detailed analysis of the claim, offering only a superficial interpretation of the ad's narrative. It does not consider the broader context of Innocent's sustainability initiatives or the potential for greenwashing. The GraphRAG pipeline, while it does mention some of Innocent's sustainability initiatives, does not provide a clear conclusion about whether the ad accurately reflects the company's overall environmental efforts or if it exaggerates their positive impact. It leaves the reader with an unclear understanding of the ad's intent and the company's broader environmental impact. Therefore, the RAG pipeline is the best of the three, as it provides a more thorough and nuanced analysis of the claim, aligning with the criteria of informativeness, logicality, objectivity, readability, and accuracy."
"The ad is designed to look like a two-page spread in a newspaper.  The left-hand side of the ad says ""We bought this two-page ad to tell you we've been including climate footprint numbers on our products so they can tell you their climate footprint numbers too."" The right-hand side of the ad says ""We're donating this page to the dairy industry so they can tell you their climate footprint numbers too."" There is a large Oatly logo in the bottom right corner of the ad.  Below the ad copy, there is a section that says ""Climate Footprint Oat Milk 0.62 kg CO₂e/kg.""",RAG,GraphRAG,Baseline,"The RAG pipeline provides a more comprehensive analysis of the claim, considering the context of Oatly's initiatives and the verifiable climate footprint number. It demonstrates a clear understanding of the ad's intent and the company's commitment to transparency. The GraphRAG pipeline, while also accurate, lacks the depth of analysis found in the RAG pipeline. It does not delve into the specifics of Oatly's initiatives or the context of the ad. The Baseline pipeline, although it correctly identifies the need for independent verification, fails to provide a thorough evaluation of the claim. It does not consider the context of Oatly's initiatives or the ad's intent, which are crucial for a complete understanding of the claim. Therefore, the RAG pipeline is the best of the three, as it provides a more detailed and contextually rich analysis of the claim."
"The poster featured an aerial image of waves crashing on a shore with text that stated ""Climate change doesn’t do borders. Neither do rising sea levels. That’s why HSBC is aiming to provide up to $1 trillion in financing and investment globally to help our clients transition to net zero”.",RAG,Baseline,GraphRAG,
"The poster featured an image of tree growth rings with text that stated ""Climate changes doesn’t do borders. So in the UK, we’re helping to plant 2 million trees which will lock in 1.25 million tonnes of carbon over their lifetime"".",RAG,GraphRAG,Baseline,"The RAG response provides a more detailed context of the organization's climate-related goals and initiatives, which is more informative than the Baseline response. However, it still lacks the specific information needed to verify the claim about the tree planting initiative and the carbon sequestration estimate. The GraphRAG response, while it does mention HSBC's organizational structures and KPIs, does not provide any information related to the tree planting initiative or the carbon sequestration estimate. Therefore, the RAG response is more informative and relevant to the claim than the GraphRAG response, which is why it is ranked higher. The Baseline response, although it does not provide any context, is still more informative than the GraphRAG response because it at least acknowledges the existence of the claim. So the ranking is RAG, GraphRAG, Baseline."
"Today, we make all our products with some of nature’s most effective ingredients, all sourced with respect for people and the land. Each ingredient is chosen for its proven ability to replenish and strengthen a healthy skin barrier. That means only the good stuff, and absolutely none of the bad, for hydrated and happy skin.",RAG,GraphRAG,Baseline,"The explanations provided by RAG and GraphRAG are more detailed and contextual than the Baseline. They both acknowledge the subjective nature of the claim and attempt to provide additional context. However, they fall short in terms of informativeness and accuracy. They do not offer specific, verifiable information about the sourcing practices, ingredient lists, or definitions of "
"Using the power of plant science, we create products that get the job done and are safer for your family. From renewable plant-based ingredients to more sustainable packaging, our products re-define what it means to clean with purpose.",GraphRAG,RAG,Baseline,"The GraphRAG provides a more detailed and specific evaluation of the claim, which aligns with the criteria of informativeness and logicality. It mentions specific products and their sustainable attributes, such as the 100% recyclable paper packaging and reformulated products. This gives a clearer picture of the claim's accuracy and the extent to which the products are sustainable and safe. The RAG, while it acknowledges the broadness of the claim, does not provide the same level of detail or specific examples that would allow for a more thorough evaluation. The Baseline, on the other hand, is too vague and does not offer any concrete information to support or refute the claim. Therefore, based on the criteria, the GraphRAG is the best evaluation, followed by the RAG, and then the Baseline."
"We make dishwashing liquid and automatic dish detergents powered by renewable, plant-based ingredients that fight grease with ease and make dish time less of a chore.",RAG,GraphRAG,Baseline,"The RAG pipeline provides a more comprehensive justification for the claim, as it includes a statement from the company that supports the claim about the use of renewable, plant-based ingredients. This statement is not present in the Baseline or GraphRAG pipelines. Additionally, the RAG pipeline does not address the subjective nature of the claim about the products "
"We take a holistic approach when selecting our ingredients, packaging, materials and fabrics, taking multiple aspects into account to make actual sustainable choices. Reducing the environmental impact of our business is key to us and is constantly on our minds. To do so, we measure, monitor and initiate improved practices throughout the company, from packaging & ingredients to operations, and supply chain.",RAG,GraphRAG,Baseline,The RAG response provides a more detailed and specific account of the company
We’re Made for More. More carbon reduction. More carbon storage. More innovative solutions. More impact.,GraphRAG,RAG,Baseline,"The GraphRAG provides a more detailed and contextualized analysis of the claim, demonstrating a clear understanding of the initiatives and goals of Interface. It aligns the claim with specific, quantifiable information, which is crucial for evaluating the claim's accuracy and potential for greenwashing. The RAG, while acknowledging the broadness of the claim, fails to provide the same level of detail and context, which is necessary for a comprehensive evaluation. The Baseline, on the other hand, does not offer any specific information or context, making it difficult to assess the claim's validity. Therefore, based on the criteria of informativeness, logicality, objectivity, readability, and accuracy, the GraphRAG is the best evaluation of the claim."
"Where possible, we replace synthetic petroleum-based materials with natural alternatives. Such as wool, tree fibers and sugar cane. They're soft, breathable and better for the planet - win, win, win.",RAG,Baseline,GraphRAG,"The RAG response provides a clear and direct confirmation of the company's commitment to replacing synthetic materials with natural alternatives. It cites specific examples of the materials being replaced and the company's goals, which aligns with the claim's intent. The Baseline response, on the other hand, questions the claim's accuracy due to the lack of quantifiable data, which is a valid point but does not contribute to a better understanding of the claim. The GraphRAG response, while acknowledging the company's sustainability efforts, fails to address the claim's specifics regarding the replacement of synthetic materials with natural alternatives. Therefore, the RAG response is the best as it directly addresses the claim's accuracy and provides a clear and objective explanation."
"With 23,000 electric delivery vans, 13,500 e-trikes and 6,100 e-bikes, ours is the largest fleet of electric commercial vehicles in the world, and our deliveries are carbon-free in about 50% of our delivery districts. No other logistics company invests as much in e-mobility as we do. We will expand our e-fleet to 38,000 electric delivery vehicles and 14,000 e-trikes by 2025. That means we can also help our public sector customers to meet the requirements of the German Clean Vehicles Procurement Act.",GraphRAG,RAG,Baseline,"The GraphRAG provides a more comprehensive analysis of the claim, considering the context of the company's investment in electric vehicles and its efforts to reduce emissions. It also acknowledges the complexity of the claim regarding the carbon-free aspect of the deliveries. The RAG, while it does address the claim's accuracy, does not delve into the specifics of the company's efforts or the context of the German Clean Vehicles Procurement Act. The Baseline, on the other hand, fails to provide any analysis or context, merely stating that the claim cannot be verified without external data. Therefore, the GraphRAG is the most informative and logical analysis, providing a clearer understanding of the claim's validity. The RAG and Baseline are less informative and lack the depth of analysis found in the GraphRAG. So the overall ranking is GraphRAG, RAG, Baseline."
"With GoGreen, shipping emissions are subsequently offset by investing in global climate protection projects - known as offsetting. We automatically apply this process to all letter mail and private customer parcels worldwide - at no extra charge. Business customers can also book the service for their parcels and advertising mail.",RAG,GraphRAG,Baseline,"The RAG evaluation provides a clear and objective assessment of the claim, demonstrating a strong understanding of the context and the specifics of the offsetting program. It correctly identifies that the offsetting is not recognized by GHG Protocol and SBTi, yet it also acknowledges that DHL Group invests in certified climate protection projects. This shows a balanced view of the situation, which is crucial for an accurate evaluation. The GraphRAG evaluation, on the other hand, fails to provide a comprehensive analysis of the claim. It does not address the specifics of the offsetting program, nor does it confirm the claim that emissions are offset automatically for all shipments. This lack of detail and verification leads to an incomplete evaluation. The Baseline evaluation, while it does not provide a definitive answer, does not offer any new information or context that could help understand the decision. It simply states that more details are needed, which is a valid point but does not contribute to a higher-quality evaluation."
"[We have] 100% energy-efficient stores. The daily operation of our stores is adapted to reduce our environmental impact with systems that allow us to adjust water and energy consumption to the real needs of the store. In addition, the new building and renovation standards of our stores, based on our Eco-Efficient Store Manual, establish the use of more efficient technologies that help us regulate our consumption.",RAG,GraphRAG,Baseline,"The RAG evaluation provides a more nuanced understanding of the claim, recognizing the partial truth of renewable energy sourcing and the misleading implication of 100% energy efficiency. It also acknowledges the ongoing efforts to improve energy efficiency, which is a critical aspect of the claim. The GraphRAG evaluation, while it does not provide a definitive answer, does highlight the lack of evidence to support the claim of 100% energy efficiency. The Baseline evaluation, on the other hand, correctly identifies the absence of supporting data to verify the claim. Therefore, the RAG evaluation is the most comprehensive and insightful, as it addresses the logicality, objectivity, and informativeness of the claim, while the GraphRAG and Baseline evaluations focus more on the lack of evidence and the absence of a store-by-store assessment, respectively."
"an Instagram post by Brewdog, published on 31 July 2023, featured an image of a poster, containing a childlike drawing of Earth covered in flames. Text accompanying the drawing stated “drink it for me” in the style of a child’s handwriting. Text on the other half of the poster stated “BEER FOR YOUR GRANDCHILDREN”, alongside an image of Brewdog Punk IPA Lager, and a badge with the text “Positive Planet CERTIFIED CARBON NEGATIVE COMPANY”. The caption stated “Beer for your Grandchildren. From the World’s First Carbon Negative brewery. Find out how we’re working to ensure we have a planet to enjoy beer on via the link in our bio”.",RAG,GraphRAG,Baseline,"The RAG explanation provides a more nuanced understanding of the claim, acknowledging the efforts towards carbon negativity and the fluctuating nature of their emissions. It also correctly identifies the claim as green"
"we’re taking a louder, bolder approach to sustainable aviation” in the body of the text and “… we’re cutting back on single-use plastics and are flying the most efficient planes. Flights with a smaller footprint … Environmental airline of the year",RAG,Baseline,GraphRAG,"The RAG response provides a more detailed analysis of the claim, acknowledging the initiatives and KPIs that support the claim. It also recognizes the subjective nature of the "
"we’re taking a louder, bolder approach to sustainable aviation” in the body of the text, and “… you’ll earn Etihad Guest Miles every time you make a conscious choice for the planet … Environmental airline of the year",RAG,Baseline,GraphRAG,"The RAG response provides a more detailed analysis of the claim, mentioning specific initiatives like the Etihad Greenliner Programme and KPIs related to fuel efficiency and carbon emissions. This response also acknowledges the challenges and the need for collective action, which adds a layer of complexity to the evaluation. However, it falls short in providing enough information to verify the claim of taking a "
worn wear program: One of the most responsible things we can do for the planet is to keep our gear going longer. That’s why we’re making it as easy as possible to repair your gear.,RAG,Baseline,GraphRAG,The RAG provides a more comprehensive and detailed explanation of Patagonia
"“ 100% recycled bottle"" accompanied by an asterisk after the claim, leading to text in smaller print on the back of the bottle, specifying “This bottle is made from 100% recycled plastic, so the colour of the bottle may vary. Caps and label don’t yet contain recycled plastic. 100% recyclable. Please recycle.”",Baseline,RAG,GraphRAG,"The baseline provides a clear and accurate explanation of the claim, stating that the bottle itself is made from 100% recycled plastic, while also acknowledging that the caps and label are not yet made from recycled plastic. This aligns with the actual label and accurately reflects the result. The RAG and GraphRAG explanations, on the other hand, misinterpret the claim by focusing on the caps and label, which are not the main subject of the claim. They fail to recognize that the claim is specifically about the bottle itself, not the entire product. This misinterpretation leads to a conclusion of greenwashing, which is not supported by the information provided in the claim. Therefore, the baseline is the best explanation, as it accurately reflects the result and aligns with the actual label, while the RAG and GraphRAG explanations are flawed in their interpretation and conclusion."
